"","Concentration","Responders","NumberTested","propResps"
"1",2.6,6,50,0.12
"2",3.8,16,48,0.333333333333333
"3",5.1,24,46,0.521739130434783
"4",7.7,42,49,0.857142857142857
"5",10.2,44,50,0.88
